employee_name,minutes_worked,amount_paid,amount_hour,amount_per_minute
John Smith,765,189.59, 14.87, 0.24783333333333332
Sarah Jenkins,761,234.01, 18.45, 0.3075
Henry Orlando,618,94.86, 9.21, 0.15350000000000003
Jordan Smalls,729,200.96, 16.54, 0.27566666666666667
Henrietta Little,663,141.0, 12.76, 0.21266666666666667